<application>
  <component name="BuildProcessSatisfactionSurveyStore">
    <option name="daysWithGradleBuilds" value="4" />
    <option name="firstKotlinGradleBuildTime" value="1735390519" />
    <option name="lastKotlinGradleBuildTime" value="1735903192" />
    <option name="nextCountedGradleBuild" value="1735989592" />
  </component>
  <component name="KotlinNewUserTracker">
    <option name="firstKtFileOpened" value="1735312267" />
    <option name="lastKtFileOpened" value="1735903160" />
    <option name="newKtUserSince" value="1735312267" />
  </component>
</application>