<application>
  <component name="ProjectManager">
    <defaultProject>
      <component name="PropertiesComponent"><![CDATA[{
  "keyToString": {
    "settings.editor.selected.configurable": "editor.preferences.fonts.default"
  }
}]]></component>
      <component name="TaskManager">
        <task active="true" id="Default" summary="Default task">
          <created>1735300637689</created>
          <option name="number" value="Default" />
          <option name="presentableId" value="Default" />
          <updated>1735300637689</updated>
        </task>
        <servers />
      </component>
      <component name="VcsDirectoryMappings" defaultProject="true" />
      <component name="WindowStateProjectService">
        <state x="409" y="166" key="SettingsEditor" timestamp="1735300645130">
          <screen x="0" y="44" width="1800" height="1125" />
        </state>
        <state x="409" y="166" key="SettingsEditor/0.44.1800.1125" timestamp="1735300645130" />
      </component>
      <component name="masterDetails">
        <states>
          <state key="ScopeChooserConfigurable.UI">
            <settings>
              <splitter-proportions>
                <option name="proportions">
                  <list>
                    <option value="0.2" />
                  </list>
                </option>
              </splitter-proportions>
            </settings>
          </state>
        </states>
      </component>
    </defaultProject>
  </component>
</application>