<application>
  <component name="Trusted.Paths">
    <option name="TRUSTED_PROJECT_PATHS">
      <map>
        <entry key="$USER_HOME$/tmp/AndroidStudioHogeHoge/AndroidStudioSample" value="true" />
        <entry key="$USER_HOME$/tmp/AsyncSample" value="true" />
        <entry key="$USER_HOME$/tmp/DatabaseSample" value="true" />
        <entry key="$USER_HOME$/tmp/FragmentSample" value="true" />
        <entry key="$USER_HOME$/tmp/MediaSample" value="true" />
        <entry key="$USER_HOME$/tmp/RecyclerViewSample" value="true" />
        <entry key="$USER_HOME$/tmp/ServiceSample" value="true" />
        <entry key="$USER_HOME$/tmp/ToolbarSample" value="true" />
      </map>
    </option>
  </component>
</application>