<application>
  <component name="DimensionService">
    <location key="WELCOME_SCREEN.0.0.3600.2338@192dpi" x="1800" y="600" />
  </component>
  <component name="WindowManager">
    <frame x="1280" y="25" width="2560" height="2135" />
  </component>
  <component name="WindowStateApplicationService">
    <state x="1919" y="942" width="1707" height="1234" key="WELCOME_SCREEN" timestamp="1735903128115">
      <screen x="0" y="25" width="3840" height="2135" />
    </state>
    <state x="900" y="527" width="800" height="650" key="WELCOME_SCREEN/0.44.1800.1125" timestamp="1735571716965" />
    <state x="1919" y="942" width="1707" height="1234" key="WELCOME_SCREEN/3840.44.1800.1125/0.25.3840.2135" timestamp="1735903128115" />
  </component>
</application>