<keymap version="1" name="macOS copy" parent="Mac OS X 10.5+">
  <action id="$Undo">
    <keyboard-shortcut first-keystroke="meta z" />
    <keyboard-shortcut first-keystroke="ctrl slash" />
  </action>
  <action id="ChangesView.SetDefault" />
  <action id="CodeCompletion">
    <keyboard-shortcut first-keystroke="meta space" />
  </action>
  <action id="Editor Undo">
    <keyboard-shortcut first-keystroke="ctrl slash" />
  </action>
  <action id="EditorBackSpace">
    <keyboard-shortcut first-keystroke="back_space" />
    <keyboard-shortcut first-keystroke="shift back_space" />
    <keyboard-shortcut first-keystroke="ctrl h" />
  </action>
  <action id="EditorEscape">
    <keyboard-shortcut first-keystroke="escape" />
    <keyboard-shortcut first-keystroke="ctrl g" />
  </action>
  <action id="EditorKillRegion">
    <keyboard-shortcut first-keystroke="ctrl w" />
  </action>
  <action id="EditorKillRingSave">
    <keyboard-shortcut first-keystroke="alt w" />
  </action>
  <action id="EditorKillToWordEnd">
    <keyboard-shortcut first-keystroke="alt d" />
  </action>
  <action id="EditorNextWord">
    <keyboard-shortcut first-keystroke="alt right" />
    <keyboard-shortcut first-keystroke="alt f" />
  </action>
  <action id="EditorPageDown">
    <keyboard-shortcut first-keystroke="page_down" />
    <keyboard-shortcut first-keystroke="ctrl v" />
  </action>
  <action id="EditorPaste">
    <keyboard-shortcut first-keystroke="meta v" />
    <keyboard-shortcut first-keystroke="ctrl y" />
  </action>
  <action id="EditorPreviousWord">
    <keyboard-shortcut first-keystroke="alt left" />
    <keyboard-shortcut first-keystroke="alt b" />
  </action>
  <action id="EditorToggleStickySelection">
    <keyboard-shortcut first-keystroke="ctrl space" />
  </action>
  <action id="TypeHierarchy" />
  <action id="TypeHierarchyBase.BaseOnThisType" />
  <action id="UsageFiltering.WriteAccess" />
  <action id="android.deploy.ApplyChanges">
    <keyboard-shortcut first-keystroke="ctrl meta e" />
  </action>
  <action id="android.deploy.CodeSwap">
    <keyboard-shortcut first-keystroke="shift ctrl meta e" />
  </action>
</keymap>